word,hangul_form,class,in_urimalsaem,standalone_before,standalone_after,context_before,context_after,trigger_before,trigger_after,tier,note
rococo,개채채,clean,0,0,1,0,1,0,1,A,"무맥락 신규 변환(R5) — 전수 리뷰 대상; 조사결합 의심('개채' 등재)"
slab,니뮤,clean,0,0,1,0,1,0,1,A,"무맥락 신규 변환(R5) — 전수 리뷰 대상; 조사결합 의심('니' 등재)"
futurism,려셔갸느,clean,0,0,1,0,1,0,1,A,"무맥락 신규 변환(R5) — 전수 리뷰 대상"
riso,갸내,clean,0,0,1,0,1,0,1,A,"무맥락 신규 변환(R5) — 전수 리뷰 대상"
acrylic,ㅁㅊ교ㅣㅑㅊ,broken,0,1,1,1,1,1,1,C,"변화 없음(베이스에서 이미 변환)"
ambient,므ㅠㅑ둣,broken,0,1,1,1,1,1,1,C,"변화 없음(베이스에서 이미 변환)"
analogous,무미ㅐ해ㅕㄴ,broken,0,1,1,1,1,1,1,C,"변화 없음(베이스에서 이미 변환)"
animatic,무ㅑㅡㅁ샻,broken,0,0,1,0,1,0,1,C,""
ascender,ㅁㄴㅊ둥ㄷㄱ,broken,0,1,1,1,1,1,1,C,"변화 없음(베이스에서 이미 변환)"
aspect,ㅁ넫ㅊㅅ,broken,0,1,1,1,1,1,1,C,"변화 없음(베이스에서 이미 변환)"
assemblage,ㅁㄴㄴ드ㅠㅣㅁㅎㄷ,broken,0,1,1,1,1,1,1,C,"변화 없음(베이스에서 이미 변환)"
asymmetry,ㅁ뇨ㅡㅡㄷㅅ교,broken,0,1,1,1,1,1,1,C,"변화 없음(베이스에서 이미 변환)"
baroque,ㅠㅁ개볃,broken,0,1,1,1,1,1,1,C,"변화 없음(베이스에서 이미 변환)"
baseline,ㅠㅁㄴ디ㅑㅜㄷ,broken,0,1,1,1,1,1,1,C,"변화 없음(베이스에서 이미 변환)"
bauhaus,ㅠ며ㅗ면,broken,0,1,1,1,1,1,1,C,"변화 없음(베이스에서 이미 변환)"
blackletter,ㅠㅣㅁ차ㅣㄷㅅㅅㄷㄱ,broken,0,0,1,0,1,0,1,C,""
bloom,ㅠㅣㅐㅐㅡ,all_jamo,0,1,1,1,1,1,1,C,"⚠️ 전부 자모(완성음절 0) — names 기본 제외 권장(ㅗㅜㅑ류 슬랭 보호); 변화 없음(베이스에서 이미 변환)"
brutalism,ㅠ겻미ㅑ느,broken,0,1,1,1,1,1,1,C,"변화 없음(베이스에서 이미 변환)"
calligraphy,ㅊ미ㅣㅑㅎㄱ메ㅗㅛ,broken,0,1,1,1,1,1,1,C,"변화 없음(베이스에서 이미 변환)"
caustics,ㅊ면샻ㄴ,broken,0,1,1,1,1,1,1,C,"변화 없음(베이스에서 이미 변환)"
charcoal,촘ㄱ채미,broken,0,1,1,1,1,1,1,C,"변화 없음(베이스에서 이미 변환)"
chiaroscuro,초ㅑㅁ갠쳐개,broken,0,1,1,1,1,1,1,C,"변화 없음(베이스에서 이미 변환)"
chromakey,초개ㅡ마됴,broken,0,0,1,0,1,0,1,C,""
chromatic,초개ㅡㅁ샻,broken,0,1,1,1,1,1,1,C,"변화 없음(베이스에서 이미 변환)"
claymorphism,치묘ㅡㅐ게ㅗㅑ느,broken,0,0,1,0,1,0,1,C,""
collage,채ㅣㅣㅁㅎㄷ,broken,0,1,1,1,1,1,1,C,"변화 없음(베이스에서 이미 변환)"
colophon,채ㅣㅐㅔㅙㅜ,broken,0,1,1,1,1,1,1,C,"변화 없음(베이스에서 이미 변환)"
complementary,채ㅡㅔㅣ드둣ㅁ교,broken,0,1,1,1,1,1,1,C,"변화 없음(베이스에서 이미 변환)"
compositing,채ㅡㅔㅐ냐샤ㅜㅎ,broken,0,1,1,1,1,1,1,C,"변화 없음(베이스에서 이미 변환)"
composition,채ㅡㅔㅐ냐샤ㅐㅜ,broken,0,1,1,1,1,1,1,C,"변화 없음(베이스에서 이미 변환)"
constructivism,채ㅜㄴㅅ겿샤퍄느,broken,0,1,1,1,1,1,1,C,"변화 없음(베이스에서 이미 변환)"
crosshatching,ㅊ갠놈ㅅ초ㅑㅜㅎ,broken,0,1,1,1,1,1,1,C,"변화 없음(베이스에서 이미 변환)"
cubism,쳐ㅠㅑ느,broken,0,1,1,1,1,1,1,C,"변화 없음(베이스에서 이미 변환)"
cubist,쳐ㅠㅑㄴㅅ,broken,0,1,1,1,1,1,1,C,"변화 없음(베이스에서 이미 변환)"
cutout,쳐새ㅕㅅ,broken,0,1,1,1,1,1,1,C,"변화 없음(베이스에서 이미 변환)"
cyanotype,쵸무ㅐ쇼ㅔㄷ,broken,0,1,1,1,1,1,1,C,"변화 없음(베이스에서 이미 변환)"
cyberpunk,쵸ㅠㄷ게ㅕㅜㅏ,broken,0,1,1,1,1,1,1,C,"변화 없음(베이스에서 이미 변환)"
dada,ㅇㅁㅇㅁ,all_jamo,0,1,1,1,1,1,1,C,"⚠️ 전부 자모(완성음절 0) — names 기본 제외 권장(ㅗㅜㅑ류 슬랭 보호); 변화 없음(베이스에서 이미 변환)"
dadaism,ㅇㅁㅇ먀느,broken,0,0,1,0,1,0,1,C,""
debossing,ㅇ듀ㅐㄴ냐ㅜㅎ,broken,0,0,1,0,1,0,1,C,""
decalcomania,ㅇㄷㅊ미채ㅡ무ㅑㅁ,broken,0,1,1,1,1,1,1,C,"변화 없음(베이스에서 이미 변환)"
deco,ㅇㄷ채,broken,0,0,1,0,1,0,1,C,""
decoupage,ㅇㄷ채ㅕㅔㅁㅎㄷ,broken,0,1,1,1,1,1,1,C,"변화 없음(베이스에서 이미 변환)"
descender,ㅇㄷㄴㅊ둥ㄷㄱ,broken,0,1,1,1,1,1,1,C,"변화 없음(베이스에서 이미 변환)"
dithering,야솓갸ㅜㅎ,broken,0,1,1,1,1,1,1,C,"변화 없음(베이스에서 이미 변환)"
doodle,애ㅐ읻,broken,0,1,1,1,1,1,1,C,"변화 없음(베이스에서 이미 변환)"
duotone,여ㅐ새ㅜㄷ,broken,0,1,1,1,1,1,1,C,"변화 없음(베이스에서 이미 변환)"
easing,ㄷㅁ냐ㅜㅎ,broken,0,1,1,1,1,1,1,C,"변화 없음(베이스에서 이미 변환)"
embossing,드ㅠㅐㄴ냐ㅜㅎ,broken,0,1,1,1,1,1,1,C,"변화 없음(베이스에서 이미 변환)"
engraving,둫ㄱㅁ퍄ㅜㅎ,broken,0,1,1,1,1,1,1,C,"변화 없음(베이스에서 이미 변환)"
etching,ㄷㅅ초ㅑㅜㅎ,broken,0,1,1,1,1,1,1,C,"변화 없음(베이스에서 이미 변환)"
expressionism,ㄷ텍ㄷㄴ냐ㅐㅜㅑ느,broken,0,1,1,1,1,1,1,C,"변화 없음(베이스에서 이미 변환)"
fauvism,ㄹ며퍄느,broken,0,0,1,0,1,0,1,C,""
foil,래ㅑㅣ,broken,0,1,1,1,1,1,1,C,"변화 없음(베이스에서 이미 변환)"
fractal,ㄹㄱㅁㅊㅅ미,broken,0,1,1,1,1,1,1,C,"변화 없음(베이스에서 이미 변환)"
frottage,ㄹ갯ㅅㅁㅎㄷ,broken,0,1,1,1,1,1,1,C,"변화 없음(베이스에서 이미 변환)"
generative,ㅎ둗ㄱㅁ샾ㄷ,broken,0,1,1,1,1,1,1,C,"변화 없음(베이스에서 이미 변환)"
glassmorphism,힘ㄴ느ㅐ게ㅗㅑ느,broken,0,1,1,1,1,1,1,C,"변화 없음(베이스에서 이미 변환)"
glazing,힘캬ㅜㅎ,broken,0,1,1,1,1,1,1,C,"변화 없음(베이스에서 이미 변환)"
glitch,히ㅑㅅ초,broken,0,1,1,1,1,1,1,C,"변화 없음(베이스에서 이미 변환)"
glyph,히ㅛㅔㅗ,broken,0,1,1,1,1,1,1,C,"변화 없음(베이스에서 이미 변환)"
gothic,해소ㅑㅊ,broken,0,0,1,0,1,0,1,C,""
gouache,해ㅕㅁ촏,broken,0,1,1,1,1,1,1,C,"변화 없음(베이스에서 이미 변환)"
gradient,ㅎㄱㅁ야둣,broken,0,1,1,1,1,1,1,C,"변화 없음(베이스에서 이미 변환)"
grain,ㅎㄱ먀ㅜ,broken,0,1,1,1,1,1,1,C,"변화 없음(베이스에서 이미 변환)"
grattage,ㅎㄱㅁㅅㅅㅁㅎㄷ,all_jamo,0,0,1,0,1,0,1,C,"⚠️ 전부 자모(완성음절 0) — names 기본 제외 권장(ㅗㅜㅑ류 슬랭 보호)"
grid,ㅎ걍,broken,0,1,1,1,1,1,1,C,"변화 없음(베이스에서 이미 변환)"
grotesk,ㅎ갯ㄷ나,broken,0,0,1,0,1,0,1,C,""
grotesque,ㅎ갯ㄷㄴ볃,broken,0,1,1,1,1,1,1,C,"변화 없음(베이스에서 이미 변환)"
gutter,혓ㅅㄷㄱ,broken,0,1,1,1,1,1,1,C,"변화 없음(베이스에서 이미 변환)"
halftone,ㅗ밀새ㅜㄷ,broken,0,1,1,1,1,1,1,C,"변화 없음(베이스에서 이미 변환)"
hatching,ㅗㅁㅅ초ㅑㅜㅎ,broken,0,1,1,1,1,1,1,C,"변화 없음(베이스에서 이미 변환)"
hierarchy,ㅗㅑㄷㄱㅁㄱ초ㅛ,broken,0,1,1,1,1,1,1,C,"변화 없음(베이스에서 이미 변환)"
holographic,ㅙㅣㅐㅎㄱ메ㅗㅑㅊ,broken,0,1,1,1,1,1,1,C,"변화 없음(베이스에서 이미 변환)"
humanist,ㅗㅕㅡ무ㅑㄴㅅ,broken,0,1,1,1,1,1,1,C,"변화 없음(베이스에서 이미 변환)"
impasto,ㅑㅡㅔㅁㄴ새,broken,0,1,1,1,1,1,1,C,"변화 없음(베이스에서 이미 변환)"
impressionism,ㅑㅡㅔㄱㄷㄴ냐ㅐㅜㅑ느,broken,0,1,1,1,1,1,1,C,"변화 없음(베이스에서 이미 변환)"
intaglio,ㅑㅜㅅㅁ히ㅑㅐ,broken,0,1,1,1,1,1,1,C,"변화 없음(베이스에서 이미 변환)"
iridescence,ㅑ걍ㄷㄴㅊ둧ㄷ,broken,0,1,1,1,1,1,1,C,"변화 없음(베이스에서 이미 변환)"
iridescent,ㅑ걍ㄷㄴㅊ둣,broken,0,1,1,1,1,1,1,C,"변화 없음(베이스에서 이미 변환)"
isometric,ㅑ내ㅡㄷㅅ걏,broken,0,1,1,1,1,1,1,C,"변화 없음(베이스에서 이미 변환)"
italic,ㅑㅅ미ㅑㅊ,broken,0,0,1,0,1,0,1,C,""
juxtaposition,ㅓㅕㅌㅅ메ㅐ냐샤ㅐㅜ,broken,0,1,1,1,1,1,1,C,"변화 없음(베이스에서 이미 변환)"
kerning,ㅏㄷ구ㅑㅜㅎ,broken,0,1,1,1,1,1,1,C,"변화 없음(베이스에서 이미 변환)"
keyframe,ㅏ됽믇,broken,0,1,1,1,1,1,1,C,"변화 없음(베이스에서 이미 변환)"
keying,ㅏ됴ㅑㅜㅎ,broken,0,1,1,1,1,1,1,C,"변화 없음(베이스에서 이미 변환)"
kinetic,ㅏㅑㅜㄷ샻,broken,0,1,1,1,1,1,1,C,"변화 없음(베이스에서 이미 변환)"
leading,ㅣㄷㅁ야ㅜㅎ,broken,0,1,1,1,1,1,1,C,"변화 없음(베이스에서 이미 변환)"
letterform,ㅣㄷㅅㅅㄷㄱ래그,broken,0,0,1,0,1,0,1,C,""
lettering,ㅣㄷㅅㅅㄷ갸ㅜㅎ,broken,0,1,1,1,1,1,1,C,"변화 없음(베이스에서 이미 변환)"
letterpress,ㅣㄷㅅㅅㄷ겍ㄷㄴㄴ,broken,0,1,1,1,1,1,1,C,"변화 없음(베이스에서 이미 변환)"
ligature,ㅣㅑㅎㅁ셕ㄷ,broken,0,1,1,1,1,1,1,C,"변화 없음(베이스에서 이미 변환)"
lineart,ㅣㅑㅜㄷㅁㄱㅅ,all_jamo,0,0,1,0,1,0,1,C,"⚠️ 전부 자모(완성음절 0) — names 기본 제외 권장(ㅗㅜㅑ류 슬랭 보호)"
linework,ㅣㅑㅜㄷ재가,broken,0,1,1,1,1,1,1,C,"변화 없음(베이스에서 이미 변환)"
linocut,ㅣㅑㅜㅐ쳣,broken,0,1,1,1,1,1,1,C,"변화 없음(베이스에서 이미 변환)"
lithograph,ㅣㅑ쇟ㄱ메ㅗ,broken,0,1,1,1,1,1,1,C,"변화 없음(베이스에서 이미 변환)"
lithography,ㅣㅑ쇟ㄱ메ㅗㅛ,broken,0,1,1,1,1,1,1,C,"변화 없음(베이스에서 이미 변환)"
luminance,ㅣㅕㅡㅑㅜ뭋ㄷ,broken,0,1,1,1,1,1,1,C,"변화 없음(베이스에서 이미 변환)"
matte,ㅡㅁㅅㅅㄷ,all_jamo,0,1,1,1,1,1,1,C,"⚠️ 전부 자모(완성음절 0) — names 기본 제외 권장(ㅗㅜㅑ류 슬랭 보호); 변화 없음(베이스에서 이미 변환)"
maximalism,ㅡㅁ탸ㅡ미ㅑ느,broken,0,0,1,0,1,0,1,C,""
memphis,ㅡ드ㅔㅗㅑㄴ,broken,0,1,1,1,1,1,1,C,"변화 없음(베이스에서 이미 변환)"
mesh,ㅡㄷ노,broken,0,1,1,1,1,1,1,C,"변화 없음(베이스에서 이미 변환)"
minimalism,ㅡㅑㅜㅑㅡ미ㅑ느,broken,0,1,1,1,1,1,1,C,"변화 없음(베이스에서 이미 변환)"
misregistration,ㅡㅑㄴㄱㄷ햔ㅅㄱㅁ샤ㅐㅜ,broken,0,0,1,0,1,0,1,C,""
modernism,ㅡㅐㅇㄷ구ㅑ느,broken,0,1,1,1,1,1,1,C,"변화 없음(베이스에서 이미 변환)"
monochrome,ㅡㅐㅜㅐ초개ㅡㄷ,broken,0,1,1,1,1,1,1,C,"변화 없음(베이스에서 이미 변환)"
monoprint,ㅡㅐㅜㅐㅔ갸ㅜㅅ,broken,0,0,1,0,1,0,1,C,""
monospace,ㅡㅐㅜㅐ넴ㅊㄷ,broken,0,0,1,0,1,0,1,C,""
monospaced,ㅡㅐㅜㅐ넴ㅊㄷㅇ,broken,0,0,1,0,1,0,1,C,""
monotype,ㅡㅐㅜㅐ쇼ㅔㄷ,broken,0,1,1,1,1,1,1,C,"변화 없음(베이스에서 이미 변환)"
montage,ㅡㅐㅜㅅㅁㅎㄷ,all_jamo,0,1,1,1,1,1,1,C,"⚠️ 전부 자모(완성음절 0) — names 기본 제외 권장(ㅗㅜㅑ류 슬랭 보호); 변화 없음(베이스에서 이미 변환)"
morphing,ㅡㅐ게ㅗㅑㅜㅎ,broken,0,1,1,1,1,1,1,C,"변화 없음(베이스에서 이미 변환)"
motiongraphics,ㅡㅐ샤ㅐㅜㅎㄱ메ㅗㅑㅊㄴ,broken,0,0,1,0,1,0,1,C,""
negative,ㅜㄷㅎㅁ샾ㄷ,broken,0,1,1,1,1,1,1,C,"변화 없음(베이스에서 이미 변환)"
neobrutalism,ㅜ대ㅠ겻미ㅑ느,broken,0,0,1,0,1,0,1,C,""
neoclassicism,ㅜ대침ㄴ냐챠느,broken,0,1,1,1,1,1,1,C,"변화 없음(베이스에서 이미 변환)"
neomorphism,ㅜ대ㅡㅐ게ㅗㅑ느,broken,0,1,1,1,1,1,1,C,"변화 없음(베이스에서 이미 변환)"
neumorphism,ㅜ뎌ㅡㅐ게ㅗㅑ느,broken,0,1,1,1,1,1,1,C,"변화 없음(베이스에서 이미 변환)"
noise,ㅜㅐㅑㄴㄷ,all_jamo,0,1,1,1,1,1,1,C,"⚠️ 전부 자모(완성음절 0) — names 기본 제외 권장(ㅗㅜㅑ류 슬랭 보호); 변화 없음(베이스에서 이미 변환)"
nouveau,ㅜㅐㅕㅍㄷ며,broken,0,0,1,0,1,0,1,C,""
oblique,ㅐㅠㅣㅑ볃,broken,0,1,1,1,1,1,1,C,"변화 없음(베이스에서 이미 변환)"
occlusion,ㅐㅊ치ㅕ냐ㅐㅜ,broken,0,1,1,1,1,1,1,C,"변화 없음(베이스에서 이미 변환)"
offset,ㅐㄹㄹㄴㄷㅅ,all_jamo,0,1,1,1,1,1,1,C,"⚠️ 전부 자모(완성음절 0) — names 기본 제외 권장(ㅗㅜㅑ류 슬랭 보호); 변화 없음(베이스에서 이미 변환)"
overprint,ㅐㅍㄷ게갸ㅜㅅ,broken,0,1,1,1,1,1,1,C,"변화 없음(베이스에서 이미 변환)"
overprinting,ㅐㅍㄷ게갸ㅜ샤ㅜㅎ,broken,0,1,1,1,1,1,1,C,"변화 없음(베이스에서 이미 변환)"
palette,ㅔ믿ㅅㅅㄷ,broken,0,1,1,1,1,1,1,C,"변화 없음(베이스에서 이미 변환)"
papercut,ㅔ멛ㄱ쳣,broken,0,0,1,0,1,0,1,C,""
parallax,ㅔㅁㄱ미ㅣㅁㅌ,broken,0,1,1,1,1,1,1,C,"변화 없음(베이스에서 이미 변환)"
parametric,ㅔㅁㄱ믇ㅅ걏,broken,0,1,1,1,1,1,1,C,"변화 없음(베이스에서 이미 변환)"
pastel,ㅔㅁㄴㅅ디,broken,0,1,1,1,1,1,1,C,"변화 없음(베이스에서 이미 변환)"
patina,ㅔㅁ샤ㅜㅁ,broken,0,1,1,1,1,1,1,C,"변화 없음(베이스에서 이미 변환)"
photomontage,ㅔㅙ새ㅡㅐㅜㅅㅁㅎㄷ,broken,0,1,1,1,1,1,1,C,"변화 없음(베이스에서 이미 변환)"
pigment,ㅔㅑ흐둣,broken,0,1,1,1,1,1,1,C,"변화 없음(베이스에서 이미 변환)"
pixelart,ㅔㅑㅌ딤ㄱㅅ,broken,0,1,1,1,1,1,1,C,"변화 없음(베이스에서 이미 변환)"
pointillism,ㅔㅐㅑㅜ샤ㅣㅣㅑ느,broken,0,1,1,1,1,1,1,C,"변화 없음(베이스에서 이미 변환)"
postmodernism,ㅔㅐㄴ스ㅐㅇㄷ구ㅑ느,broken,0,1,1,1,1,1,1,C,"변화 없음(베이스에서 이미 변환)"
procedural,ㅔ갳ㄷ역미,broken,0,1,1,1,1,1,1,C,"변화 없음(베이스에서 이미 변환)"
ransom,ㄱ무내ㅡ,broken,0,1,1,1,1,1,1,C,"변화 없음(베이스에서 이미 변환)"
ransomizer,ㄱ무내ㅡㅑㅋㄷㄱ,broken,0,0,1,0,1,0,1,C,""
raymarching,ㄱ묘ㅡㅁㄱ초ㅑㅜㅎ,broken,0,0,1,0,1,0,1,C,""
raytracing,ㄱ묫ㄱㅁ챠ㅜㅎ,broken,0,1,1,1,1,1,1,C,"변화 없음(베이스에서 이미 변환)"
realism,ㄱㄷ미ㅑ느,broken,0,1,1,1,1,1,1,C,"변화 없음(베이스에서 이미 변환)"
refraction,ㄱㄷㄹㄱㅁㅊ샤ㅐㅜ,broken,0,1,1,1,1,1,1,C,"변화 없음(베이스에서 이미 변환)"
retrofuturism,ㄱㄷㅅ개려셔갸느,broken,0,0,1,0,1,0,1,C,""
risograph,갸냏ㄱ메ㅗ,broken,0,0,1,0,1,0,1,C,""
risography,갸냏ㄱ메ㅗㅛ,broken,0,0,1,0,1,0,1,C,""
romanticism,개ㅡ무샤챠느,broken,0,1,1,1,1,1,1,C,"변화 없음(베이스에서 이미 변환)"
rotoscope,개샌채ㅔㄷ,broken,0,1,1,1,1,1,1,C,"변화 없음(베이스에서 이미 변환)"
rotoscoping,개샌채ㅔㅑㅜㅎ,broken,0,1,1,1,1,1,1,C,"변화 없음(베이스에서 이미 변환)"
sans,ㄴ문,broken,0,1,1,1,1,1,1,C,"변화 없음(베이스에서 이미 변환)"
saturation,ㄴㅁ셕ㅁ샤ㅐㅜ,broken,0,1,1,1,1,1,1,C,"변화 없음(베이스에서 이미 변환)"
scrapbook,ㄴㅊㄱ메ㅠㅐㅐㅏ,broken,0,1,1,1,1,1,1,C,"변화 없음(베이스에서 이미 변환)"
screenprint,ㄴㅊㄱㄷ뒈갸ㅜㅅ,broken,0,0,1,0,1,0,1,C,""
screenprinting,ㄴㅊㄱㄷ뒈갸ㅜ샤ㅜㅎ,broken,0,0,1,0,1,0,1,C,""
scribble,ㄴㅊ갸ㅠㅠㅣㄷ,broken,0,1,1,1,1,1,1,C,"변화 없음(베이스에서 이미 변환)"
scumbling,ㄴ쳐ㅡㅠㅣㅑㅜㅎ,broken,0,1,1,1,1,1,1,C,"변화 없음(베이스에서 이미 변환)"
serif,ㄴㄷ걀,broken,0,1,1,1,1,1,1,C,"변화 없음(베이스에서 이미 변환)"
serigraphy,ㄴㄷ걓ㄱ메ㅗㅛ,broken,0,1,1,1,1,1,1,C,"변화 없음(베이스에서 이미 변환)"
sfumato,ㄴ려ㅡㅁ새,broken,0,1,1,1,1,1,1,C,"변화 없음(베이스에서 이미 변환)"
shader,놈ㅇㄷㄱ,broken,0,1,1,1,1,1,1,C,"변화 없음(베이스에서 이미 변환)"
silhouette,냐ㅣㅙㅕㄷㅅㅅㄷ,broken,0,1,1,1,1,1,1,C,"변화 없음(베이스에서 이미 변환)"
silkscreen,냐ㅣㅏㄴㅊㄱㄷ두,broken,0,1,1,1,1,1,1,C,"변화 없음(베이스에서 이미 변환)"
sketch,낟ㅅ초,broken,0,1,1,1,1,1,1,C,"변화 없음(베이스에서 이미 변환)"
skeuomorphism,나뎌ㅐㅡㅐ게ㅗㅑ느,broken,0,1,1,1,1,1,1,C,"변화 없음(베이스에서 이미 변환)"
smallcaps,느미ㅣㅊ멘,broken,0,0,1,0,1,0,1,C,""
solarpunk,내ㅣㅁ게ㅕㅜㅏ,broken,0,0,1,0,1,0,1,C,""
specimen,넫챠ㅡ두,broken,0,1,1,1,1,1,1,C,"변화 없음(베이스에서 이미 변환)"
squeegee,ㄴ볃ㄷㅎㄷㄷ,broken,0,1,1,1,1,1,1,C,"변화 없음(베이스에서 이미 변환)"
steampunk,ㄴㅅㄷ므ㅔㅕㅜㅏ,broken,0,1,1,1,1,1,1,C,"변화 없음(베이스에서 이미 변환)"
stencil,ㄴㅅ두챠ㅣ,broken,0,1,1,1,1,1,1,C,"변화 없음(베이스에서 이미 변환)"
stenciling,ㄴㅅ두챠ㅣㅑㅜㅎ,broken,0,1,1,1,1,1,1,C,"변화 없음(베이스에서 이미 변환)"
stencilling,ㄴㅅ두챠ㅣㅣㅑㅜㅎ,broken,0,1,1,1,1,1,1,C,"변화 없음(베이스에서 이미 변환)"
stippling,ㄴ샤ㅔㅔㅣㅑㅜㅎ,broken,0,1,1,1,1,1,1,C,"변화 없음(베이스에서 이미 변환)"
stopmotion,ㄴ새ㅔㅡㅐ샤ㅐㅜ,broken,0,0,1,0,1,0,1,C,""
storyboard,ㄴ새교ㅠㅐㅁㄱㅇ,broken,0,1,1,1,1,1,1,C,"변화 없음(베이스에서 이미 변환)"
suprematism,녀ㅔㄱ듬샤느,broken,0,1,1,1,1,1,1,C,"변화 없음(베이스에서 이미 변환)"
surreal,녁ㄱㄷ미,broken,0,1,1,1,1,1,1,C,"변화 없음(베이스에서 이미 변환)"
surrealism,녁ㄱㄷ미ㅑ느,broken,0,1,1,1,1,1,1,C,"변화 없음(베이스에서 이미 변환)"
surrealist,녁ㄱㄷ미ㅑㄴㅅ,broken,0,1,1,1,1,1,1,C,"변화 없음(베이스에서 이미 변환)"
swash,ㄴㅈㅁ노,broken,0,1,1,1,1,1,1,C,"변화 없음(베이스에서 이미 변환)"
symbolism,뇨ㅡㅠㅐㅣㅑ느,broken,0,1,1,1,1,1,1,C,"변화 없음(베이스에서 이미 변환)"
symmetry,뇨ㅡㅡㄷㅅ교,broken,0,1,1,1,1,1,1,C,"변화 없음(베이스에서 이미 변환)"
synthwave,뇨ㅜ솢ㅁㅍㄷ,broken,0,0,1,0,1,0,1,C,""
tessellation,ㅅㄷㄴㄴ디ㅣㅁ샤ㅐㅜ,broken,0,1,1,1,1,1,1,C,"변화 없음(베이스에서 이미 변환)"
texture,ㅅㄷㅌ셕ㄷ,broken,0,1,1,1,1,1,1,C,"변화 없음(베이스에서 이미 변환)"
tracking,ㅅㄱㅁ차ㅑㅜㅎ,broken,0,1,1,1,1,1,1,C,"변화 없음(베이스에서 이미 변환)"
triadic,ㅅ걈얓,broken,0,1,1,1,1,1,1,C,"변화 없음(베이스에서 이미 변환)"
tritone,ㅅ갸새ㅜㄷ,broken,0,1,1,1,1,1,1,C,"변화 없음(베이스에서 이미 변환)"
tweening,ㅅㅈㄷ두ㅑㅜㅎ,broken,0,1,1,1,1,1,1,C,"변화 없음(베이스에서 이미 변환)"
typeface,쇼ㅔㄷㄹㅁㅊㄷ,broken,0,1,1,1,1,1,1,C,"변화 없음(베이스에서 이미 변환)"
typesetting,쇼ㅔㄷㄴㄷㅅ샤ㅜㅎ,broken,0,1,1,1,1,1,1,C,"변화 없음(베이스에서 이미 변환)"
typographic,쇼ㅔㅐㅎㄱ메ㅗㅑㅊ,broken,0,1,1,1,1,1,1,C,"변화 없음(베이스에서 이미 변환)"
typography,쇼ㅔㅐㅎㄱ메ㅗㅛ,broken,0,1,1,1,1,1,1,C,"변화 없음(베이스에서 이미 변환)"
vaporwave,ㅍ메ㅐㄱㅈㅁㅍㄷ,broken,0,0,1,0,1,0,1,C,""
voxel,퍁디,broken,0,1,1,1,1,1,1,C,"변화 없음(베이스에서 이미 변환)"
watercolor,ㅈㅁㅅㄷㄱ채ㅣㅐㄱ,broken,0,1,1,1,1,1,1,C,"변화 없음(베이스에서 이미 변환)"
watercolour,ㅈㅁㅅㄷㄱ채ㅣㅐㅕㄱ,broken,0,0,1,0,1,0,1,C,""
whitespace,조ㅑㅅㄷ넴ㅊㄷ,broken,0,1,1,1,1,1,1,C,"변화 없음(베이스에서 이미 변환)"
wireframe,쟉ㄷㄹㄱ믇,broken,0,1,1,1,1,1,1,C,"변화 없음(베이스에서 이미 변환)"
woodblock,재ㅐ유ㅣㅐ차,broken,0,1,1,1,1,1,1,C,"변화 없음(베이스에서 이미 변환)"
woodcut,재ㅐㅇ쳣,broken,0,1,1,1,1,1,1,C,"변화 없음(베이스에서 이미 변환)"
zine,캬ㅜㄷ,broken,0,1,1,1,1,1,1,C,"변화 없음(베이스에서 이미 변환)"
