unit,hangul,korean_veto,standalone,attached,spaced,decimal
A,ㅁ,false,ㅁ,100A,100 A,1.25A
Ah,모,true,모,100Ah,100 Ah,1.25Ah
B,ㅠ,false,ㅠ,100B,100 B,1.25B
Bq,ㅠㅂ,false,Bq,100Bq,100 Bq,1.25Bq
C,ㅊ,false,ㅊ,100C,100 C,1.25C
F,ㄹ,false,ㄹ,100F,100 F,1.25F
GB,휴,true,휴,100GB,100 GB,1.25GB
GHz,홐,false,GHz,100GHz,100 GHz,1.25GHz
GJ,허,true,허,100GJ,100 GJ,1.25GJ
GPa,혬,false,GPa,100GPa,100 GPa,1.25GPa
GW,ㅎㅉ,false,GW,100GW,100 GW,1.25GW
Gbps,휴ㅔㄴ,false,Gbps,100Gbps,100 Gbps,1.25Gbps
GeV,ㅎㄷㅍ,false,GeV,100GeV,100 GeV,1.25GeV
GiB,햐ㅠ,false,GiB,100GiB,100 GiB,1.25GiB
Gy,효,true,효,100Gy,100 Gy,1.25Gy
H,ㅗ,false,ㅗ,100H,100 H,1.25H
Hz,ㅗㅋ,false,Hz,100Hz,100 Hz,1.25Hz
J,ㅓ,false,ㅓ,100J,100 J,1.25J
K,ㅏ,false,ㅏ,100K,100 K,1.25K
KB,ㅏㅠ,false,KB,100KB,100 KB,1.25KB
KiB,ㅏㅑㅠ,false,KiB,100KiB,100 KiB,1.25KiB
L,ㅣ,false,ㅣ,100L,100 L,1.25L
MB,ㅡㅠ,false,MB,100MB,100 MB,1.25MB
MBq,ㅡㅠㅂ,false,MBq,100MBq,100 MBq,1.25MBq
MHz,ㅡㅗㅋ,false,MHz,100MHz,100 MHz,1.25MHz
MJ,ㅡㅓ,false,MJ,100MJ,100 MJ,1.25MJ
MN,ㅡㅜ,false,MN,100MN,100 MN,1.25MN
MP,ㅡㅖ,false,MP,100MP,100 MP,1.25MP
MPa,ㅡㅖㅁ,false,MPa,100MPa,100 MPa,1.25MPa
MW,ㅡㅉ,false,MW,100MW,100 MW,1.25MW
MWh,ㅡ쪼,false,MWh,100MWh,100 MWh,1.25MWh
Mbps,ㅡㅠㅔㄴ,false,Mbps,100Mbps,100 Mbps,1.25Mbps
MeV,ㅡㄷㅍ,false,MeV,100MeV,100 MeV,1.25MeV
MiB,ㅡㅑㅠ,false,MiB,100MiB,100 MiB,1.25MiB
Mohm,ㅡㅐㅗㅡ,false,Mohm,100Mohm,100 Mohm,1.25Mohm
Mp,ㅡㅔ,false,Mp,100Mp,100 Mp,1.25Mp
N,ㅜ,false,ㅜ,100N,100 N,1.25N
PB,ㅖㅠ,false,PB,100PB,100 PB,1.25PB
Pa,ㅖㅁ,false,Pa,100Pa,100 Pa,1.25Pa
PiB,ㅖㅑㅠ,false,PiB,100PiB,100 PiB,1.25PiB
S,ㄴ,false,ㄴ,100S,100 S,1.25S
Sv,ㄴㅍ,false,Sv,100Sv,100 Sv,1.25Sv
T,ㅆ,false,ㅆ,100T,100 T,1.25T
TB,쓔,false,쓔,100TB,100 TB,1.25TB
THz,쏰,false,쏰,100THz,100 THz,1.25THz
TiB,쌰ㅠ,false,TiB,100TiB,100 TiB,1.25TiB
Torr,쌕ㄱ,false,Torr,100Torr,100 Torr,1.25Torr
V,ㅍ,false,ㅍ,100V,100 V,1.25V
W,ㅉ,false,ㅉ,100W,100 W,1.25W
Wb,쮸,false,쮸,100Wb,100 Wb,1.25Wb
Wh,쪼,false,쪼,100Wh,100 Wh,1.25Wh
acre,ㅁㅊㄱㄷ,false,acre,100acre,100 acre,1.25acre
angstrom,뭏ㄴㅅ개ㅡ,false,angstrom,100angstrom,100 angstrom,1.25angstrom
atm,ㅁ스,false,atm,100atm,100 atm,1.25atm
bar,ㅠㅁㄱ,false,bar,100bar,100 bar,1.25bar
bit,ㅠㅑㅅ,false,bit,100bit,100 bit,1.25bit
bps,ㅠㅔㄴ,false,bps,100bps,100 bps,1.25bps
cL,치,true,치,100cL,100 cL,1.25cL
cal,ㅊ미,false,cal,100cal,100 cal,1.25cal
cc,ㅊㅊ,false,ㅊㅊ,100cc,100 cc,1.25cc
cd,ㅊㅇ,false,cd,100cd,100 cd,1.25cd
cl,치,true,치,100치,100 치,1.25치
cm,츠,false,cm,100cm,100 cm,1.25cm
d,ㅇ,false,ㅇ,100d,100 d,1.25d
dB,유,true,유,100dB,100 dB,1.25dB
dBA,윰,false,윰,100dBA,100 dBA,1.25dBA
dL,이,true,이,100dL,100 dL,1.25dL
dl,이,true,이,100이,100 이,1.25이
dm,으,true,으,100으,100 으,1.25으
dpi,에ㅑ,false,dpi,100dpi,100 dpi,1.25dpi
eV,ㄷㅍ,false,eV,100eV,100 eV,1.25eV
em,드,true,드,100드,100 드,1.25드
floz,리ㅐㅋ,false,floz,100floz,100 floz,1.25floz
fps,렌,true,fps,100fps,100 fps,1.25fps
ft,ㄹㅅ,false,ft,100ft,100 ft,1.25ft
g,ㅎ,false,ㅎ,100g,100 g,1.25g
gal,ㅎ미,false,gal,100gal,100 gal,1.25gal
gbps,휴ㅔㄴ,false,gbps,100gbps,100 gbps,1.25gbps
ghz,홐,false,ghz,100ghz,100 ghz,1.25ghz
h,ㅗ,false,ㅗ,100h,100 h,1.25h
hL,ㅚ,false,ㅚ,100hL,100 hL,1.25hL
hPa,ㅗㅖㅁ,false,hPa,100hPa,100 hPa,1.25hPa
ha,ㅗㅁ,false,ha,100ha,100 ha,1.25ha
hl,ㅚ,false,ㅚ,100hl,100 hl,1.25hl
hr,ㅗㄱ,false,hr,100hr,100 hr,1.25hr
hz,ㅗㅋ,false,hz,100hz,100 hz,1.25hz
in,ㅑㅜ,false,in,100in,100 in,1.25in
kBq,ㅏㅠㅂ,false,kBq,100kBq,100 kBq,1.25kBq
kHz,ㅏㅗㅋ,false,kHz,100kHz,100 kHz,1.25kHz
kJ,ㅏㅓ,false,kJ,100kJ,100 kJ,1.25kJ
kL,ㅏㅣ,false,kL,100kL,100 kL,1.25kL
kN,ㅏㅜ,false,kN,100kN,100 kN,1.25kN
kPa,ㅏㅖㅁ,false,kPa,100kPa,100 kPa,1.25kPa
kV,ㅏㅍ,false,kV,100kV,100 kV,1.25kV
kW,ㅏㅉ,false,kW,100kW,100 kW,1.25kW
kWh,ㅏ쪼,false,kWh,100kWh,100 kWh,1.25kWh
kat,ㅏㅁㅅ,false,kat,100kat,100 kat,1.25kat
kbps,ㅏㅠㅔㄴ,false,kbps,100kbps,100 kbps,1.25kbps
kcal,ㅏㅊ미,false,kcal,100kcal,100 kcal,1.25kcal
keV,ㅏㄷㅍ,false,keV,100keV,100 keV,1.25keV
kg,ㅏㅎ,false,kg,100kg,100 kg,1.25kg
khz,ㅏㅗㅋ,false,khz,100khz,100 khz,1.25khz
kl,ㅏㅣ,false,kl,100kl,100 kl,1.25kl
km,ㅏㅡ,false,km,100km,100 km,1.25km
kohm,ㅏㅐㅗㅡ,false,kohm,100kohm,100 kohm,1.25kohm
l,ㅣ,false,ㅣ,100l,100 l,1.25l
lb,ㅣㅠ,false,lb,100lb,100 lb,1.25lb
lbs,ㅣㅠㄴ,false,lbs,100lbs,100 lbs,1.25lbs
lm,ㅣㅡ,false,lm,100lm,100 lm,1.25lm
lx,ㅣㅌ,false,lx,100lx,100 lx,1.25lx
m,ㅡ,false,ㅡ,100m,100 m,1.25m
mA,ㅡㅁ,false,mA,100mA,100 mA,1.25mA
mAh,ㅡ모,false,mAh,100mAh,100 mAh,1.25mAh
mGy,ㅡ효,false,mGy,100mGy,100 mGy,1.25mGy
mH,ㅡㅗ,false,mH,100mH,100 mH,1.25mH
mJ,ㅡㅓ,false,mJ,100mJ,100 mJ,1.25mJ
mL,ㅢ,false,ㅢ,100mL,100 mL,1.25mL
mN,ㅡㅜ,false,mN,100mN,100 mN,1.25mN
mS,ㅡㄴ,false,mS,100mS,100 mS,1.25mS
mSv,ㅡㄴㅍ,false,mSv,100mSv,100 mSv,1.25mSv
mT,ㅡㅆ,false,mT,100mT,100 mT,1.25mT
mV,ㅡㅍ,false,mV,100mV,100 mV,1.25mV
mW,ㅡㅉ,false,mW,100mW,100 mW,1.25mW
mWh,ㅡ쪼,false,mWh,100mWh,100 mWh,1.25mWh
mbar,ㅡㅠㅁㄱ,false,mbar,100mbar,100 mbar,1.25mbar
mbps,ㅡㅠㅔㄴ,false,mbps,100mbps,100 mbps,1.25mbps
mg,ㅡㅎ,false,mg,100mg,100 mg,1.25mg
mhz,ㅡㅗㅋ,false,mhz,100mhz,100 mhz,1.25mhz
mi,ㅡㅑ,false,mi,100mi,100 mi,1.25mi
mil,ㅡㅑㅣ,false,mil,100mil,100 mil,1.25mil
min,ㅡㅑㅜ,false,min,100min,100 min,1.25min
ml,ㅢ,false,ㅢ,100ml,100 ml,1.25ml
mm,ㅡㅡ,false,ㅡㅡ,100mm,100 mm,1.25mm
mmol,ㅡㅡㅐㅣ,false,mmol,100mmol,100 mmol,1.25mmol
mol,ㅡㅐㅣ,false,mol,100mol,100 mol,1.25mol
mp,ㅡㅔ,false,mp,100mp,100 mp,1.25mp
ms,ㅡㄴ,false,ms,100ms,100 ms,1.25ms
nA,ㅜㅁ,false,nA,100nA,100 nA,1.25nA
nF,ㅜㄹ,false,nF,100nF,100 nF,1.25nF
ng,ㅜㅎ,false,ng,100ng,100 ng,1.25ng
nm,ㅜㅡ,false,nm,100nm,100 nm,1.25nm
nmi,ㅜㅡㅑ,false,nmi,100nmi,100 nmi,1.25nmi
nmol,ㅜㅡㅐㅣ,false,nmol,100nmol,100 nmol,1.25nmol
ns,ㅜㄴ,false,ns,100ns,100 ns,1.25ns
ohm,ㅐㅗㅡ,false,ohm,100ohm,100 ohm,1.25ohm
oz,ㅐㅋ,false,oz,100oz,100 oz,1.25oz
pF,ㅔㄹ,false,pF,100pF,100 pF,1.25pF
pm,ㅔㅡ,false,pm,100pm,100 pm,1.25pm
ppb,ㅔㅔㅠ,false,ppb,100ppb,100 ppb,1.25ppb
ppi,ㅔㅔㅑ,false,ppi,100ppi,100 ppi,1.25ppi
ppm,ㅔㅔㅡ,false,ppm,100ppm,100 ppm,1.25ppm
ppt,ㅔㅔㅅ,false,ppt,100ppt,100 ppt,1.25ppt
ps,ㅔㄴ,false,ps,100ps,100 ps,1.25ps
psi,ㅔ냐,false,psi,100psi,100 psi,1.25psi
pt,ㅔㅅ,false,pt,100pt,100 pt,1.25pt
px,ㅔㅌ,false,px,100px,100 px,1.25px
qt,ㅂㅅ,false,ㅂㅅ,100qt,100 qt,1.25qt
rad,ㄱㅁㅇ,false,rad,100rad,100 rad,1.25rad
rem,ㄱ드,false,rem,100rem,100 rem,1.25rem
rpm,게ㅡ,false,rpm,100rpm,100 rpm,1.25rpm
s,ㄴ,false,ㄴ,100s,100 s,1.25s
sr,ㄴㄱ,false,sr,100sr,100 sr,1.25sr
t,ㅅ,false,ㅅ,100t,100 t,1.25t
thz,솤,false,솤,100thz,100 thz,1.25thz
ton,새ㅜ,false,ton,100ton,100 ton,1.25ton
torr,색ㄱ,false,torr,100torr,100 torr,1.25torr
uA,ㅕㅁ,false,uA,100uA,100 uA,1.25uA
uF,ㅕㄹ,false,uF,100uF,100 uF,1.25uF
uL,ㅕㅣ,false,uL,100uL,100 uL,1.25uL
uSv,ㅕㄴㅍ,false,uSv,100uSv,100 uSv,1.25uSv
ug,ㅕㅎ,false,ug,100ug,100 ug,1.25ug
ul,ㅕㅣ,false,ul,100ul,100 ul,1.25ul
um,ㅕㅡ,false,um,100um,100 um,1.25um
umol,ㅕㅡㅐㅣ,false,umol,100umol,100 umol,1.25umol
us,ㅕㄴ,false,us,100us,100 us,1.25us
wk,자,true,자,100자,100 자,1.25자
yd,ㅛㅇ,false,yd,100yd,100 yd,1.25yd
