word,hangul_form,class,in_urimalsaem,standalone,context,trigger,reached,diagnosis
surrealism,녁ㄱㄷ미ㅑ느,broken,0,1,1,1,1,"도달:무맥락(MAIN/R3)"
surrealist,녁ㄱㄷ미ㅑㄴㅅ,broken,0,1,1,1,1,"도달:무맥락(MAIN/R3)"
surreal,녁ㄱㄷ미,broken,0,1,1,1,1,"도달:무맥락(MAIN/R3)"
dada,ㅇㅁㅇㅁ,all_jamo,0,1,1,1,1,"도달:무맥락(자음열4+)"
dadaism,ㅇㅁㅇ먀느,broken,0,0,0,0,0,"미도달:영어 사전 미등재(exact 기준)"
cubism,쳐ㅠㅑ느,broken,0,1,1,1,1,"도달:무맥락(MAIN/R3)"
cubist,쳐ㅠㅑㄴㅅ,broken,0,1,1,1,1,"도달:무맥락(MAIN/R3)"
futurism,려셔갸느,clean,0,0,0,0,0,"미도달 추정:clean 2음절+ — curated 등재 시 R5 후보(개별 검역 필요)"
constructivism,채ㅜㄴㅅ겿샤퍄느,broken,0,1,1,1,1,"도달:무맥락(MAIN/R3)"
suprematism,녀ㅔㄱ듬샤느,broken,0,1,1,1,1,"도달:무맥락(MAIN/R3)"
expressionism,ㄷ텍ㄷㄴ냐ㅐㅜㅑ느,broken,0,1,1,1,1,"도달:무맥락(MAIN/R3)"
impressionism,ㅑㅡㅔㄱㄷㄴ냐ㅐㅜㅑ느,broken,0,1,1,1,1,"도달:무맥락(R1/MAIN)"
pointillism,ㅔㅐㅑㅜ샤ㅣㅣㅑ느,broken,0,1,1,1,1,"도달:무맥락(R1/MAIN)"
fauvism,ㄹ며퍄느,broken,0,0,0,0,0,"미도달:영어 사전 미등재(exact 기준)"
symbolism,뇨ㅡㅠㅐㅣㅑ느,broken,0,1,1,1,1,"도달:무맥락(MAIN/R3)"
realism,ㄱㄷ미ㅑ느,broken,0,1,1,1,1,"도달:무맥락(MAIN/R3)"
minimalism,ㅡㅑㅜㅑㅡ미ㅑ느,broken,0,1,1,1,1,"도달:무맥락(R1/MAIN)"
maximalism,ㅡㅁ탸ㅡ미ㅑ느,broken,0,0,0,0,0,"미도달:영어 사전 미등재(exact 기준)"
modernism,ㅡㅐㅇㄷ구ㅑ느,broken,0,1,1,1,1,"도달:무맥락(R1/MAIN)"
postmodernism,ㅔㅐㄴ스ㅐㅇㄷ구ㅑ느,broken,0,1,1,1,1,"도달:무맥락(R1/MAIN)"
brutalism,ㅠ겻미ㅑ느,broken,0,1,1,1,1,"도달:무맥락(R1/MAIN)"
bauhaus,ㅠ며ㅗ면,broken,0,1,1,1,1,"도달:무맥락(R1/MAIN)"
memphis,ㅡ드ㅔㅗㅑㄴ,broken,0,1,1,1,1,"도달:무맥락(R1/MAIN)"
nouveau,ㅜㅐㅕㅍㄷ며,broken,0,0,0,0,0,"미도달:영어 사전 미등재(exact 기준)"
deco,ㅇㄷ채,broken,0,0,0,0,0,"미도달:영어 사전 미등재(exact 기준)"
rococo,개채채,clean,0,0,0,0,0,"미도달 추정:clean 2음절+ — curated 등재 시 R5 후보(개별 검역 필요)"
baroque,ㅠㅁ개볃,broken,0,1,1,1,1,"도달:무맥락(R1/MAIN)"
gothic,해소ㅑㅊ,broken,0,0,0,0,0,"미도달:영어 사전 미등재(exact 기준)"
neoclassicism,ㅜ대침ㄴ냐챠느,broken,0,1,1,1,1,"도달:무맥락(R1/MAIN)"
romanticism,개ㅡ무샤챠느,broken,0,1,1,1,1,"도달:무맥락(MAIN/R3)"
risograph,갸냏ㄱ메ㅗ,broken,0,0,0,0,0,"미도달:영어 사전 미등재(exact 기준)"
riso,갸내,clean,0,0,0,0,0,"미도달:영어 사전 미등재(exact 기준)"
risography,갸냏ㄱ메ㅗㅛ,broken,0,0,0,0,0,"미도달:영어 사전 미등재(exact 기준)"
screenprint,ㄴㅊㄱㄷ뒈갸ㅜㅅ,broken,0,0,0,0,0,"미도달:영어 사전 미등재(exact 기준)"
screenprinting,ㄴㅊㄱㄷ뒈갸ㅜ샤ㅜㅎ,broken,0,0,0,0,0,"미도달:영어 사전 미등재(exact 기준)"
silkscreen,냐ㅣㅏㄴㅊㄱㄷ두,broken,0,1,1,1,1,"도달:무맥락(MAIN/R3)"
serigraphy,ㄴㄷ걓ㄱ메ㅗㅛ,broken,0,1,1,1,1,"도달:무맥락(MAIN/R3)"
lithography,ㅣㅑ쇟ㄱ메ㅗㅛ,broken,0,1,1,1,1,"도달:무맥락(R1/MAIN)"
lithograph,ㅣㅑ쇟ㄱ메ㅗ,broken,0,1,1,1,1,"도달:무맥락(R1/MAIN)"
linocut,ㅣㅑㅜㅐ쳣,broken,0,1,1,1,1,"도달:무맥락(R1/MAIN)"
woodcut,재ㅐㅇ쳣,broken,0,1,1,1,1,"도달:무맥락(MAIN/R3)"
woodblock,재ㅐ유ㅣㅐ차,broken,0,1,1,1,1,"도달:무맥락(MAIN/R3)"
intaglio,ㅑㅜㅅㅁ히ㅑㅐ,broken,0,1,1,1,1,"도달:무맥락(R1/MAIN)"
etching,ㄷㅅ초ㅑㅜㅎ,broken,0,1,1,1,1,"도달:무맥락(MAIN/R3)"
engraving,둫ㄱㅁ퍄ㅜㅎ,broken,0,1,1,1,1,"도달:무맥락(MAIN/R3)"
letterpress,ㅣㄷㅅㅅㄷ겍ㄷㄴㄴ,broken,0,1,1,1,1,"도달:무맥락(R1/MAIN)"
monotype,ㅡㅐㅜㅐ쇼ㅔㄷ,broken,0,1,1,1,1,"도달:무맥락(R1/MAIN)"
monoprint,ㅡㅐㅜㅐㅔ갸ㅜㅅ,broken,0,0,0,0,0,"미도달:영어 사전 미등재(exact 기준)"
cyanotype,쵸무ㅐ쇼ㅔㄷ,broken,0,1,1,1,1,"도달:무맥락(MAIN/R3)"
halftone,ㅗ밀새ㅜㄷ,broken,0,1,1,1,1,"도달:무맥락(R1/MAIN)"
duotone,여ㅐ새ㅜㄷ,broken,0,1,1,1,1,"도달:무맥락(MAIN/R3)"
tritone,ㅅ갸새ㅜㄷ,broken,0,1,1,1,1,"도달:무맥락(MAIN/R3)"
overprint,ㅐㅍㄷ게갸ㅜㅅ,broken,0,1,1,1,1,"도달:무맥락(R1/MAIN)"
overprinting,ㅐㅍㄷ게갸ㅜ샤ㅜㅎ,broken,0,1,1,1,1,"도달:무맥락(R1/MAIN)"
misregistration,ㅡㅑㄴㄱㄷ햔ㅅㄱㅁ샤ㅐㅜ,broken,0,0,0,0,0,"미도달:영어 사전 미등재(exact 기준)"
offset,ㅐㄹㄹㄴㄷㅅ,all_jamo,0,1,1,1,1,"도달:무맥락(R1/MAIN)"
stencil,ㄴㅅ두챠ㅣ,broken,0,1,1,1,1,"도달:무맥락(MAIN/R3)"
stenciling,ㄴㅅ두챠ㅣㅑㅜㅎ,broken,0,1,1,1,1,"도달:무맥락(MAIN/R3)"
stencilling,ㄴㅅ두챠ㅣㅣㅑㅜㅎ,broken,0,1,1,1,1,"도달:무맥락(MAIN/R3)"
embossing,드ㅠㅐㄴ냐ㅜㅎ,broken,0,1,1,1,1,"도달:무맥락(MAIN/R3)"
debossing,ㅇ듀ㅐㄴ냐ㅜㅎ,broken,0,0,0,0,0,"미도달:영어 사전 미등재(exact 기준)"
foil,래ㅑㅣ,broken,0,1,1,1,1,"도달:무맥락(MAIN/R3)"
frottage,ㄹ갯ㅅㅁㅎㄷ,broken,0,1,1,1,1,"도달:무맥락(MAIN/R3)"
grattage,ㅎㄱㅁㅅㅅㅁㅎㄷ,all_jamo,0,0,0,0,0,"미도달:영어 사전 미등재(exact 기준)"
decalcomania,ㅇㄷㅊ미채ㅡ무ㅑㅁ,broken,0,1,1,1,1,"도달:무맥락(MAIN/R3)"
typography,쇼ㅔㅐㅎㄱ메ㅗㅛ,broken,0,1,1,1,1,"도달:무맥락(MAIN/R3)"
typographic,쇼ㅔㅐㅎㄱ메ㅗㅑㅊ,broken,0,1,1,1,1,"도달:무맥락(MAIN/R3)"
typeface,쇼ㅔㄷㄹㅁㅊㄷ,broken,0,1,1,1,1,"도달:무맥락(MAIN/R3)"
letterform,ㅣㄷㅅㅅㄷㄱ래그,broken,0,0,0,0,0,"미도달:영어 사전 미등재(exact 기준)"
lettering,ㅣㄷㅅㅅㄷ갸ㅜㅎ,broken,0,1,1,1,1,"도달:무맥락(R1/MAIN)"
calligraphy,ㅊ미ㅣㅑㅎㄱ메ㅗㅛ,broken,0,1,1,1,1,"도달:무맥락(MAIN/R3)"
serif,ㄴㄷ걀,broken,0,1,1,1,1,"도달:무맥락(MAIN/R3)"
sans,ㄴ문,broken,0,1,1,1,1,"도달:무맥락(MAIN/R3)"
kerning,ㅏㄷ구ㅑㅜㅎ,broken,0,1,1,1,1,"도달:무맥락(R1/MAIN)"
tracking,ㅅㄱㅁ차ㅑㅜㅎ,broken,0,1,1,1,1,"도달:무맥락(MAIN/R3)"
leading,ㅣㄷㅁ야ㅜㅎ,broken,0,1,1,1,1,"도달:무맥락(R1/MAIN)"
ligature,ㅣㅑㅎㅁ셕ㄷ,broken,0,1,1,1,1,"도달:무맥락(R1/MAIN)"
glyph,히ㅛㅔㅗ,broken,0,1,1,1,1,"도달:무맥락(MAIN/R3)"
baseline,ㅠㅁㄴ디ㅑㅜㄷ,broken,0,1,1,1,1,"도달:무맥락(R1/MAIN)"
ascender,ㅁㄴㅊ둥ㄷㄱ,broken,0,1,1,1,1,"도달:무맥락(MAIN/R3)"
descender,ㅇㄷㄴㅊ둥ㄷㄱ,broken,0,1,1,1,1,"도달:무맥락(MAIN/R3)"
grotesque,ㅎ갯ㄷㄴ볃,broken,0,1,1,1,1,"도달:무맥락(MAIN/R3)"
grotesk,ㅎ갯ㄷ나,broken,0,0,0,0,0,"미도달:영어 사전 미등재(exact 기준)"
humanist,ㅗㅕㅡ무ㅑㄴㅅ,broken,0,1,1,1,1,"도달:무맥락(R1/MAIN)"
slab,니뮤,clean,0,0,0,0,0,"미도달 추정:clean 2음절+ — curated 등재 시 R5 후보(개별 검역 필요)"
monospace,ㅡㅐㅜㅐ넴ㅊㄷ,broken,0,0,0,0,0,"미도달:영어 사전 미등재(exact 기준)"
monospaced,ㅡㅐㅜㅐ넴ㅊㄷㅇ,broken,0,0,0,0,0,"미도달:영어 사전 미등재(exact 기준)"
blackletter,ㅠㅣㅁ차ㅣㄷㅅㅅㄷㄱ,broken,0,0,0,0,0,"미도달:영어 사전 미등재(exact 기준)"
italic,ㅑㅅ미ㅑㅊ,broken,0,0,0,0,0,"미도달:영어 사전 미등재(exact 기준)"
oblique,ㅐㅠㅣㅑ볃,broken,0,1,1,1,1,"도달:무맥락(R1/MAIN)"
swash,ㄴㅈㅁ노,broken,0,1,1,1,1,"도달:무맥락(MAIN/R3)"
smallcaps,느미ㅣㅊ멘,broken,0,0,0,0,0,"미도달:영어 사전 미등재(exact 기준)"
typesetting,쇼ㅔㄷㄴㄷㅅ샤ㅜㅎ,broken,0,1,1,1,1,"도달:무맥락(MAIN/R3)"
hierarchy,ㅗㅑㄷㄱㅁㄱ초ㅛ,broken,0,1,1,1,1,"도달:무맥락(R1/MAIN)"
grid,ㅎ걍,broken,0,1,1,1,1,"도달:무맥락(MAIN/R3)"
gutter,혓ㅅㄷㄱ,broken,0,1,1,1,1,"도달:무맥락(MAIN/R3)"
colophon,채ㅣㅐㅔㅙㅜ,broken,0,1,1,1,1,"도달:무맥락(MAIN/R3)"
specimen,넫챠ㅡ두,broken,0,1,1,1,1,"도달:무맥락(MAIN/R3)"
collage,채ㅣㅣㅁㅎㄷ,broken,0,1,1,1,1,"도달:무맥락(MAIN/R3)"
decoupage,ㅇㄷ채ㅕㅔㅁㅎㄷ,broken,0,1,1,1,1,"도달:무맥락(MAIN/R3)"
photomontage,ㅔㅙ새ㅡㅐㅜㅅㅁㅎㄷ,broken,0,1,1,1,1,"도달:무맥락(R1/MAIN)"
assemblage,ㅁㄴㄴ드ㅠㅣㅁㅎㄷ,broken,0,1,1,1,1,"도달:무맥락(MAIN/R3)"
montage,ㅡㅐㅜㅅㅁㅎㄷ,all_jamo,0,1,1,1,1,"도달:무맥락(R1/MAIN)"
cutout,쳐새ㅕㅅ,broken,0,1,1,1,1,"도달:무맥락(MAIN/R3)"
papercut,ㅔ멛ㄱ쳣,broken,0,0,0,0,0,"미도달:영어 사전 미등재(exact 기준)"
scrapbook,ㄴㅊㄱ메ㅠㅐㅐㅏ,broken,0,1,1,1,1,"도달:무맥락(MAIN/R3)"
zine,캬ㅜㄷ,broken,0,1,1,1,1,"도달:무맥락(MAIN/R3)"
ransomizer,ㄱ무내ㅡㅑㅋㄷㄱ,broken,0,0,0,0,0,"미도달:영어 사전 미등재(exact 기준)"
ransom,ㄱ무내ㅡ,broken,0,1,1,1,1,"도달:무맥락(MAIN/R3)"
doodle,애ㅐ읻,broken,0,1,1,1,1,"도달:무맥락(MAIN/R3)"
sketch,낟ㅅ초,broken,0,1,1,1,1,"도달:무맥락(MAIN/R3)"
scribble,ㄴㅊ갸ㅠㅠㅣㄷ,broken,0,1,1,1,1,"도달:무맥락(MAIN/R3)"
linework,ㅣㅑㅜㄷ재가,broken,0,1,1,1,1,"도달:무맥락(R1/MAIN)"
lineart,ㅣㅑㅜㄷㅁㄱㅅ,all_jamo,0,0,0,0,0,"미도달:영어 사전 미등재(exact 기준)"
stippling,ㄴ샤ㅔㅔㅣㅑㅜㅎ,broken,0,1,1,1,1,"도달:무맥락(MAIN/R3)"
hatching,ㅗㅁㅅ초ㅑㅜㅎ,broken,0,1,1,1,1,"도달:무맥락(R1/MAIN)"
crosshatching,ㅊ갠놈ㅅ초ㅑㅜㅎ,broken,0,1,1,1,1,"도달:무맥락(MAIN/R3)"
gouache,해ㅕㅁ촏,broken,0,1,1,1,1,"도달:무맥락(MAIN/R3)"
watercolor,ㅈㅁㅅㄷㄱ채ㅣㅐㄱ,broken,0,1,1,1,1,"도달:무맥락(MAIN/R3)"
watercolour,ㅈㅁㅅㄷㄱ채ㅣㅐㅕㄱ,broken,0,0,0,0,0,"미도달:영어 사전 미등재(exact 기준)"
acrylic,ㅁㅊ교ㅣㅑㅊ,broken,0,1,1,1,1,"도달:무맥락(MAIN/R3)"
pastel,ㅔㅁㄴㅅ디,broken,0,1,1,1,1,"도달:무맥락(R1/MAIN)"
charcoal,촘ㄱ채미,broken,0,1,1,1,1,"도달:무맥락(MAIN/R3)"
impasto,ㅑㅡㅔㅁㄴ새,broken,0,1,1,1,1,"도달:무맥락(R1/MAIN)"
glazing,힘캬ㅜㅎ,broken,0,1,1,1,1,"도달:무맥락(MAIN/R3)"
scumbling,ㄴ쳐ㅡㅠㅣㅑㅜㅎ,broken,0,1,1,1,1,"도달:무맥락(MAIN/R3)"
chiaroscuro,초ㅑㅁ갠쳐개,broken,0,1,1,1,1,"도달:무맥락(MAIN/R3)"
sfumato,ㄴ려ㅡㅁ새,broken,0,1,1,1,1,"도달:무맥락(MAIN/R3)"
squeegee,ㄴ볃ㄷㅎㄷㄷ,broken,0,1,1,1,1,"도달:무맥락(MAIN/R3)"
pigment,ㅔㅑ흐둣,broken,0,1,1,1,1,"도달:무맥락(R1/MAIN)"
texture,ㅅㄷㅌ셕ㄷ,broken,0,1,1,1,1,"도달:무맥락(MAIN/R3)"
grain,ㅎㄱ먀ㅜ,broken,0,1,1,1,1,"도달:무맥락(MAIN/R3)"
patina,ㅔㅁ샤ㅜㅁ,broken,0,1,1,1,1,"도달:무맥락(R1/MAIN)"
glassmorphism,힘ㄴ느ㅐ게ㅗㅑ느,broken,0,1,1,1,1,"도달:무맥락(MAIN/R3)"
neumorphism,ㅜ뎌ㅡㅐ게ㅗㅑ느,broken,0,1,1,1,1,"도달:무맥락(R1/MAIN)"
skeuomorphism,나뎌ㅐㅡㅐ게ㅗㅑ느,broken,0,1,1,1,1,"도달:무맥락(MAIN/R3)"
neobrutalism,ㅜ대ㅠ겻미ㅑ느,broken,0,0,0,0,0,"미도달:영어 사전 미등재(exact 기준)"
claymorphism,치묘ㅡㅐ게ㅗㅑ느,broken,0,0,0,0,0,"미도달:영어 사전 미등재(exact 기준)"
neomorphism,ㅜ대ㅡㅐ게ㅗㅑ느,broken,0,1,1,1,1,"도달:무맥락(R1/MAIN)"
cyberpunk,쵸ㅠㄷ게ㅕㅜㅏ,broken,0,1,1,1,1,"도달:무맥락(MAIN/R3)"
solarpunk,내ㅣㅁ게ㅕㅜㅏ,broken,0,0,0,0,0,"미도달:영어 사전 미등재(exact 기준)"
steampunk,ㄴㅅㄷ므ㅔㅕㅜㅏ,broken,0,1,1,1,1,"도달:무맥락(MAIN/R3)"
vaporwave,ㅍ메ㅐㄱㅈㅁㅍㄷ,broken,0,0,0,0,0,"미도달:영어 사전 미등재(exact 기준)"
synthwave,뇨ㅜ솢ㅁㅍㄷ,broken,0,0,0,0,0,"미도달:영어 사전 미등재(exact 기준)"
retrofuturism,ㄱㄷㅅ개려셔갸느,broken,0,0,0,0,0,"미도달:영어 사전 미등재(exact 기준)"
pixelart,ㅔㅑㅌ딤ㄱㅅ,broken,0,1,1,1,1,"도달:무맥락(R1/MAIN)"
voxel,퍁디,broken,0,1,1,1,1,"도달:무맥락(MAIN/R3)"
dithering,야솓갸ㅜㅎ,broken,0,1,1,1,1,"도달:무맥락(MAIN/R3)"
glitch,히ㅑㅅ초,broken,0,1,1,1,1,"도달:무맥락(MAIN/R3)"
generative,ㅎ둗ㄱㅁ샾ㄷ,broken,0,1,1,1,1,"도달:무맥락(MAIN/R3)"
procedural,ㅔ갳ㄷ역미,broken,0,1,1,1,1,"도달:무맥락(R1/MAIN)"
fractal,ㄹㄱㅁㅊㅅ미,broken,0,1,1,1,1,"도달:무맥락(MAIN/R3)"
tessellation,ㅅㄷㄴㄴ디ㅣㅁ샤ㅐㅜ,broken,0,1,1,1,1,"도달:무맥락(MAIN/R3)"
isometric,ㅑ내ㅡㄷㅅ걏,broken,0,1,1,1,1,"도달:무맥락(R1/MAIN)"
parametric,ㅔㅁㄱ믇ㅅ걏,broken,0,1,1,1,1,"도달:무맥락(R1/MAIN)"
wireframe,쟉ㄷㄹㄱ믇,broken,0,1,1,1,1,"도달:무맥락(MAIN/R3)"
shader,놈ㅇㄷㄱ,broken,0,1,1,1,1,"도달:무맥락(MAIN/R3)"
raytracing,ㄱ묫ㄱㅁ챠ㅜㅎ,broken,0,1,1,1,1,"도달:무맥락(MAIN/R3)"
raymarching,ㄱ묘ㅡㅁㄱ초ㅑㅜㅎ,broken,0,0,0,0,0,"미도달:영어 사전 미등재(exact 기준)"
refraction,ㄱㄷㄹㄱㅁㅊ샤ㅐㅜ,broken,0,1,1,1,1,"도달:무맥락(MAIN/R3)"
caustics,ㅊ면샻ㄴ,broken,0,1,1,1,1,"도달:무맥락(MAIN/R3)"
iridescence,ㅑ걍ㄷㄴㅊ둧ㄷ,broken,0,1,1,1,1,"도달:무맥락(R1/MAIN)"
iridescent,ㅑ걍ㄷㄴㅊ둣,broken,0,1,1,1,1,"도달:무맥락(R1/MAIN)"
chromatic,초개ㅡㅁ샻,broken,0,1,1,1,1,"도달:무맥락(MAIN/R3)"
holographic,ㅙㅣㅐㅎㄱ메ㅗㅑㅊ,broken,0,1,1,1,1,"도달:무맥락(R1/MAIN)"
gradient,ㅎㄱㅁ야둣,broken,0,1,1,1,1,"도달:무맥락(MAIN/R3)"
mesh,ㅡㄷ노,broken,0,1,1,1,1,"도달:무맥락(R1/MAIN)"
noise,ㅜㅐㅑㄴㄷ,all_jamo,0,1,1,1,1,"도달:무맥락(R1/MAIN)"
bloom,ㅠㅣㅐㅐㅡ,all_jamo,0,1,1,1,1,"도달:무맥락(R1/MAIN)"
ambient,므ㅠㅑ둣,broken,0,1,1,1,1,"도달:무맥락(MAIN/R3)"
occlusion,ㅐㅊ치ㅕ냐ㅐㅜ,broken,0,1,1,1,1,"도달:무맥락(R1/MAIN)"
parallax,ㅔㅁㄱ미ㅣㅁㅌ,broken,0,1,1,1,1,"도달:무맥락(R1/MAIN)"
rotoscoping,개샌채ㅔㅑㅜㅎ,broken,0,1,1,1,1,"도달:무맥락(MAIN/R3)"
rotoscope,개샌채ㅔㄷ,broken,0,1,1,1,1,"도달:무맥락(MAIN/R3)"
compositing,채ㅡㅔㅐ냐샤ㅜㅎ,broken,0,1,1,1,1,"도달:무맥락(MAIN/R3)"
keyframe,ㅏ됽믇,broken,0,1,1,1,1,"도달:무맥락(R1/MAIN)"
tweening,ㅅㅈㄷ두ㅑㅜㅎ,broken,0,1,1,1,1,"도달:무맥락(MAIN/R3)"
easing,ㄷㅁ냐ㅜㅎ,broken,0,1,1,1,1,"도달:무맥락(MAIN/R3)"
morphing,ㅡㅐ게ㅗㅑㅜㅎ,broken,0,1,1,1,1,"도달:무맥락(R1/MAIN)"
kinetic,ㅏㅑㅜㄷ샻,broken,0,1,1,1,1,"도달:무맥락(R1/MAIN)"
keying,ㅏ됴ㅑㅜㅎ,broken,0,1,1,1,1,"도달:무맥락(R1/MAIN)"
matte,ㅡㅁㅅㅅㄷ,all_jamo,0,1,1,1,1,"도달:무맥락(R1/MAIN)"
chromakey,초개ㅡ마됴,broken,0,0,0,0,0,"미도달:영어 사전 미등재(exact 기준)"
storyboard,ㄴ새교ㅠㅐㅁㄱㅇ,broken,0,1,1,1,1,"도달:무맥락(MAIN/R3)"
animatic,무ㅑㅡㅁ샻,broken,0,0,0,0,0,"미도달:영어 사전 미등재(exact 기준)"
stopmotion,ㄴ새ㅔㅡㅐ샤ㅐㅜ,broken,0,0,0,0,0,"미도달:영어 사전 미등재(exact 기준)"
motiongraphics,ㅡㅐ샤ㅐㅜㅎㄱ메ㅗㅑㅊㄴ,broken,0,0,0,0,0,"미도달:영어 사전 미등재(exact 기준)"
aspect,ㅁ넫ㅊㅅ,broken,0,1,1,1,1,"도달:무맥락(MAIN/R3)"
composition,채ㅡㅔㅐ냐샤ㅐㅜ,broken,0,1,1,1,1,"도달:무맥락(MAIN/R3)"
juxtaposition,ㅓㅕㅌㅅ메ㅐ냐샤ㅐㅜ,broken,0,1,1,1,1,"도달:무맥락(R1/MAIN)"
asymmetry,ㅁ뇨ㅡㅡㄷㅅ교,broken,0,1,1,1,1,"도달:무맥락(MAIN/R3)"
symmetry,뇨ㅡㅡㄷㅅ교,broken,0,1,1,1,1,"도달:무맥락(MAIN/R3)"
silhouette,냐ㅣㅙㅕㄷㅅㅅㄷ,broken,0,1,1,1,1,"도달:무맥락(MAIN/R3)"
negative,ㅜㄷㅎㅁ샾ㄷ,broken,0,1,1,1,1,"도달:무맥락(R1/MAIN)"
whitespace,조ㅑㅅㄷ넴ㅊㄷ,broken,0,1,1,1,1,"도달:무맥락(MAIN/R3)"
palette,ㅔ믿ㅅㅅㄷ,broken,0,1,1,1,1,"도달:무맥락(R1/MAIN)"
monochrome,ㅡㅐㅜㅐ초개ㅡㄷ,broken,0,1,1,1,1,"도달:무맥락(R1/MAIN)"
analogous,무미ㅐ해ㅕㄴ,broken,0,1,1,1,1,"도달:무맥락(MAIN/R3)"
complementary,채ㅡㅔㅣ드둣ㅁ교,broken,0,1,1,1,1,"도달:무맥락(MAIN/R3)"
triadic,ㅅ걈얓,broken,0,1,1,1,1,"도달:무맥락(MAIN/R3)"
saturation,ㄴㅁ셕ㅁ샤ㅐㅜ,broken,0,1,1,1,1,"도달:무맥락(MAIN/R3)"
luminance,ㅣㅕㅡㅑㅜ뭋ㄷ,broken,0,1,1,1,1,"도달:무맥락(R1/MAIN)"
